--
-- PostgreSQL database dump
--

-- Dumped from database version 14.5 (Ubuntu 14.5-0ubuntu0.22.04.1)
-- Dumped by pg_dump version 14.5 (Ubuntu 14.5-0ubuntu0.22.04.1)

SET statement_timeout = 0;
SET lock_timeout = 0;
SET idle_in_transaction_session_timeout = 0;
SET client_encoding = 'UTF8';
SET standard_conforming_strings = on;
SELECT pg_catalog.set_config('search_path', '', false);
SET check_function_bodies = false;
SET xmloption = content;
SET client_min_messages = warning;
SET row_security = off;

SET default_tablespace = '';

SET default_table_access_method = heap;

--
-- Name: Pyex_app_curso; Type: TABLE; Schema: public; Owner: postgres
--

CREATE TABLE public."Pyex_app_curso" (
    id bigint NOT NULL,
    "nomCur" character varying(50) NOT NULL,
    "profesorCur" character varying(50) NOT NULL,
    "horarioIniCur" time without time zone NOT NULL,
    "horarioFinCur" time without time zone NOT NULL,
    "grupoCur" character varying(50) NOT NULL,
    "descCur" character varying(200) NOT NULL,
    "capCur" integer NOT NULL,
    "capMaxCur" character varying(2) NOT NULL,
    "gimnasioCur_id" bigint NOT NULL
);


ALTER TABLE public."Pyex_app_curso" OWNER TO postgres;

--
-- Name: Pyex_app_curso_id_seq; Type: SEQUENCE; Schema: public; Owner: postgres
--

ALTER TABLE public."Pyex_app_curso" ALTER COLUMN id ADD GENERATED BY DEFAULT AS IDENTITY (
    SEQUENCE NAME public."Pyex_app_curso_id_seq"
    START WITH 1
    INCREMENT BY 1
    NO MINVALUE
    NO MAXVALUE
    CACHE 1
);


--
-- Name: Pyex_app_gimnasio; Type: TABLE; Schema: public; Owner: postgres
--

CREATE TABLE public."Pyex_app_gimnasio" (
    id bigint NOT NULL,
    "nomGym" character varying(50) NOT NULL,
    "direccionGym" character varying(200) NOT NULL,
    "telefonoGym" character varying(9) NOT NULL,
    "correoGym" character varying(50) NOT NULL,
    "fotoGym" character varying(100) NOT NULL
);


ALTER TABLE public."Pyex_app_gimnasio" OWNER TO postgres;

--
-- Name: Pyex_app_gimnasio_id_seq; Type: SEQUENCE; Schema: public; Owner: postgres
--

ALTER TABLE public."Pyex_app_gimnasio" ALTER COLUMN id ADD GENERATED BY DEFAULT AS IDENTITY (
    SEQUENCE NAME public."Pyex_app_gimnasio_id_seq"
    START WITH 1
    INCREMENT BY 1
    NO MINVALUE
    NO MAXVALUE
    CACHE 1
);


--
-- Name: Pyex_app_maquina; Type: TABLE; Schema: public; Owner: postgres
--

CREATE TABLE public."Pyex_app_maquina" (
    id bigint NOT NULL,
    "nombreMa" character varying(75) NOT NULL,
    "DescMa" character varying(200) NOT NULL
);


ALTER TABLE public."Pyex_app_maquina" OWNER TO postgres;

--
-- Name: Pyex_app_maquina_id_seq; Type: SEQUENCE; Schema: public; Owner: postgres
--

ALTER TABLE public."Pyex_app_maquina" ALTER COLUMN id ADD GENERATED BY DEFAULT AS IDENTITY (
    SEQUENCE NAME public."Pyex_app_maquina_id_seq"
    START WITH 1
    INCREMENT BY 1
    NO MINVALUE
    NO MAXVALUE
    CACHE 1
);


--
-- Name: Pyex_app_unidad; Type: TABLE; Schema: public; Owner: postgres
--

CREATE TABLE public."Pyex_app_unidad" (
    id bigint NOT NULL,
    "gimnasioUn_id" bigint NOT NULL,
    "maquinaUn_id" bigint NOT NULL,
    persona_id bigint,
    "unidadUn" character varying(75) NOT NULL
);


ALTER TABLE public."Pyex_app_unidad" OWNER TO postgres;

--
-- Name: Pyex_app_unidad_id_seq; Type: SEQUENCE; Schema: public; Owner: postgres
--

ALTER TABLE public."Pyex_app_unidad" ALTER COLUMN id ADD GENERATED BY DEFAULT AS IDENTITY (
    SEQUENCE NAME public."Pyex_app_unidad_id_seq"
    START WITH 1
    INCREMENT BY 1
    NO MINVALUE
    NO MAXVALUE
    CACHE 1
);


--
-- Name: Pyex_app_user; Type: TABLE; Schema: public; Owner: postgres
--

CREATE TABLE public."Pyex_app_user" (
    id bigint NOT NULL,
    password character varying(128) NOT NULL,
    last_login timestamp with time zone,
    is_superuser boolean NOT NULL,
    username character varying(150) NOT NULL,
    first_name character varying(150) NOT NULL,
    last_name character varying(150) NOT NULL,
    email character varying(254) NOT NULL,
    is_staff boolean NOT NULL,
    is_active boolean NOT NULL,
    date_joined timestamp with time zone NOT NULL,
    "codUs" character varying(15) NOT NULL,
    "sexUs" character varying(3) NOT NULL,
    "fechanacUs" date,
    "telefonoUs" character varying(9) NOT NULL,
    "fotoUs" character varying(100) NOT NULL,
    "pagoUs" boolean,
    "tarjetaUs" character varying(100) NOT NULL
);


ALTER TABLE public."Pyex_app_user" OWNER TO postgres;

--
-- Name: Pyex_app_user_apuntados; Type: TABLE; Schema: public; Owner: postgres
--

CREATE TABLE public."Pyex_app_user_apuntados" (
    id bigint NOT NULL,
    user_id bigint NOT NULL,
    curso_id bigint NOT NULL
);


ALTER TABLE public."Pyex_app_user_apuntados" OWNER TO postgres;

--
-- Name: Pyex_app_user_apuntados_id_seq; Type: SEQUENCE; Schema: public; Owner: postgres
--

ALTER TABLE public."Pyex_app_user_apuntados" ALTER COLUMN id ADD GENERATED BY DEFAULT AS IDENTITY (
    SEQUENCE NAME public."Pyex_app_user_apuntados_id_seq"
    START WITH 1
    INCREMENT BY 1
    NO MINVALUE
    NO MAXVALUE
    CACHE 1
);


--
-- Name: Pyex_app_user_groups; Type: TABLE; Schema: public; Owner: postgres
--

CREATE TABLE public."Pyex_app_user_groups" (
    id bigint NOT NULL,
    user_id bigint NOT NULL,
    group_id integer NOT NULL
);


ALTER TABLE public."Pyex_app_user_groups" OWNER TO postgres;

--
-- Name: Pyex_app_user_groups_id_seq; Type: SEQUENCE; Schema: public; Owner: postgres
--

ALTER TABLE public."Pyex_app_user_groups" ALTER COLUMN id ADD GENERATED BY DEFAULT AS IDENTITY (
    SEQUENCE NAME public."Pyex_app_user_groups_id_seq"
    START WITH 1
    INCREMENT BY 1
    NO MINVALUE
    NO MAXVALUE
    CACHE 1
);


--
-- Name: Pyex_app_user_id_seq; Type: SEQUENCE; Schema: public; Owner: postgres
--

ALTER TABLE public."Pyex_app_user" ALTER COLUMN id ADD GENERATED BY DEFAULT AS IDENTITY (
    SEQUENCE NAME public."Pyex_app_user_id_seq"
    START WITH 1
    INCREMENT BY 1
    NO MINVALUE
    NO MAXVALUE
    CACHE 1
);


--
-- Name: Pyex_app_user_user_permissions; Type: TABLE; Schema: public; Owner: postgres
--

CREATE TABLE public."Pyex_app_user_user_permissions" (
    id bigint NOT NULL,
    user_id bigint NOT NULL,
    permission_id integer NOT NULL
);


ALTER TABLE public."Pyex_app_user_user_permissions" OWNER TO postgres;

--
-- Name: Pyex_app_user_user_permissions_id_seq; Type: SEQUENCE; Schema: public; Owner: postgres
--

ALTER TABLE public."Pyex_app_user_user_permissions" ALTER COLUMN id ADD GENERATED BY DEFAULT AS IDENTITY (
    SEQUENCE NAME public."Pyex_app_user_user_permissions_id_seq"
    START WITH 1
    INCREMENT BY 1
    NO MINVALUE
    NO MAXVALUE
    CACHE 1
);


--
-- Name: auth_group; Type: TABLE; Schema: public; Owner: postgres
--

CREATE TABLE public.auth_group (
    id integer NOT NULL,
    name character varying(150) NOT NULL
);


ALTER TABLE public.auth_group OWNER TO postgres;

--
-- Name: auth_group_id_seq; Type: SEQUENCE; Schema: public; Owner: postgres
--

ALTER TABLE public.auth_group ALTER COLUMN id ADD GENERATED BY DEFAULT AS IDENTITY (
    SEQUENCE NAME public.auth_group_id_seq
    START WITH 1
    INCREMENT BY 1
    NO MINVALUE
    NO MAXVALUE
    CACHE 1
);


--
-- Name: auth_group_permissions; Type: TABLE; Schema: public; Owner: postgres
--

CREATE TABLE public.auth_group_permissions (
    id bigint NOT NULL,
    group_id integer NOT NULL,
    permission_id integer NOT NULL
);


ALTER TABLE public.auth_group_permissions OWNER TO postgres;

--
-- Name: auth_group_permissions_id_seq; Type: SEQUENCE; Schema: public; Owner: postgres
--

ALTER TABLE public.auth_group_permissions ALTER COLUMN id ADD GENERATED BY DEFAULT AS IDENTITY (
    SEQUENCE NAME public.auth_group_permissions_id_seq
    START WITH 1
    INCREMENT BY 1
    NO MINVALUE
    NO MAXVALUE
    CACHE 1
);


--
-- Name: auth_permission; Type: TABLE; Schema: public; Owner: postgres
--

CREATE TABLE public.auth_permission (
    id integer NOT NULL,
    name character varying(255) NOT NULL,
    content_type_id integer NOT NULL,
    codename character varying(100) NOT NULL
);


ALTER TABLE public.auth_permission OWNER TO postgres;

--
-- Name: auth_permission_id_seq; Type: SEQUENCE; Schema: public; Owner: postgres
--

ALTER TABLE public.auth_permission ALTER COLUMN id ADD GENERATED BY DEFAULT AS IDENTITY (
    SEQUENCE NAME public.auth_permission_id_seq
    START WITH 1
    INCREMENT BY 1
    NO MINVALUE
    NO MAXVALUE
    CACHE 1
);


--
-- Name: django_admin_log; Type: TABLE; Schema: public; Owner: postgres
--

CREATE TABLE public.django_admin_log (
    id integer NOT NULL,
    action_time timestamp with time zone NOT NULL,
    object_id text,
    object_repr character varying(200) NOT NULL,
    action_flag smallint NOT NULL,
    change_message text NOT NULL,
    content_type_id integer,
    user_id bigint NOT NULL,
    CONSTRAINT django_admin_log_action_flag_check CHECK ((action_flag >= 0))
);


ALTER TABLE public.django_admin_log OWNER TO postgres;

--
-- Name: django_admin_log_id_seq; Type: SEQUENCE; Schema: public; Owner: postgres
--

ALTER TABLE public.django_admin_log ALTER COLUMN id ADD GENERATED BY DEFAULT AS IDENTITY (
    SEQUENCE NAME public.django_admin_log_id_seq
    START WITH 1
    INCREMENT BY 1
    NO MINVALUE
    NO MAXVALUE
    CACHE 1
);


--
-- Name: django_content_type; Type: TABLE; Schema: public; Owner: postgres
--

CREATE TABLE public.django_content_type (
    id integer NOT NULL,
    app_label character varying(100) NOT NULL,
    model character varying(100) NOT NULL
);


ALTER TABLE public.django_content_type OWNER TO postgres;

--
-- Name: django_content_type_id_seq; Type: SEQUENCE; Schema: public; Owner: postgres
--

ALTER TABLE public.django_content_type ALTER COLUMN id ADD GENERATED BY DEFAULT AS IDENTITY (
    SEQUENCE NAME public.django_content_type_id_seq
    START WITH 1
    INCREMENT BY 1
    NO MINVALUE
    NO MAXVALUE
    CACHE 1
);


--
-- Name: django_migrations; Type: TABLE; Schema: public; Owner: postgres
--

CREATE TABLE public.django_migrations (
    id bigint NOT NULL,
    app character varying(255) NOT NULL,
    name character varying(255) NOT NULL,
    applied timestamp with time zone NOT NULL
);


ALTER TABLE public.django_migrations OWNER TO postgres;

--
-- Name: django_migrations_id_seq; Type: SEQUENCE; Schema: public; Owner: postgres
--

ALTER TABLE public.django_migrations ALTER COLUMN id ADD GENERATED BY DEFAULT AS IDENTITY (
    SEQUENCE NAME public.django_migrations_id_seq
    START WITH 1
    INCREMENT BY 1
    NO MINVALUE
    NO MAXVALUE
    CACHE 1
);


--
-- Name: django_session; Type: TABLE; Schema: public; Owner: postgres
--

CREATE TABLE public.django_session (
    session_key character varying(40) NOT NULL,
    session_data text NOT NULL,
    expire_date timestamp with time zone NOT NULL
);


ALTER TABLE public.django_session OWNER TO postgres;

--
-- Data for Name: Pyex_app_curso; Type: TABLE DATA; Schema: public; Owner: postgres
--

COPY public."Pyex_app_curso" (id, "nomCur", "profesorCur", "horarioIniCur", "horarioFinCur", "grupoCur", "descCur", "capCur", "capMaxCur", "gimnasioCur_id") FROM stdin;
1	Zumba	Paco	19:00:00	20:00:00	1A	Curso de Zumba	0	10	1
3	Karate	Francisco	15:00:00	16:00:00	K1A	En este curso aprenderás las artes marciales del Kárate.	0	10	2
4	Kickboxing	Mohammed	17:00:00	18:00:00	Ki1A	Recibir golpes es un arte también, aprender a encajarlos en este magnífico curso.	0	8	3
5	Taekwondo	Luis	16:00:00	17:00:00	T1A	La defensa personal es importante, no lo descuides con este curso.	0	7	1
6	Pilates	Eugenia	18:00:00	19:00:00	P1A	Entrena esos músculos con las clases de Pilates de nuestro gimnasio.	0	20	1
\.


--
-- Data for Name: Pyex_app_gimnasio; Type: TABLE DATA; Schema: public; Owner: postgres
--

COPY public."Pyex_app_gimnasio" (id, "nomGym", "direccionGym", "telefonoGym", "correoGym", "fotoGym") FROM stdin;
2	Pyex la Chiclanera	C. Eduardo Pintor, 4 Chiclana de la Frontera	867856785	paco@gmail.com	fotgym/gym2_54KmW4F.jpg
1	Pyex La Caleta	C. Conil de la Frontera, 3 Cádiz	956154798	pyex@cai.es	fotgym/gym1_79TLwTW.jpg
3	Pyex El Cañailla	C. Real Cristina, 242 San Fernando	956151718	esto@gmail.com	fotgym/gym3.jpg
\.


--
-- Data for Name: Pyex_app_maquina; Type: TABLE DATA; Schema: public; Owner: postgres
--

COPY public."Pyex_app_maquina" (id, "nombreMa", "DescMa") FROM stdin;
1	Bicicleta XVM	Esta bici es la hostia
3	Elíptica PTX	Máquina con las que entrenar las piernas.
4	Banca de pesas UBF	Una banca con su banco y pesa con barra.
5	Set Mancuernas EJS	Un conjunto de mancuernas para diferentes ejercicios.
2	Cinta KL10	Pues una cinta para correr caa
6	Dominadas 3000	Haz dominadas con el sistema adecuado para ello.
7	Dorsalix E4C	Entrena dorsales con la máquina pionera del mercado.
8	Deltax 4UTC	Tus deltoides en buenas manos.
\.


--
-- Data for Name: Pyex_app_unidad; Type: TABLE DATA; Schema: public; Owner: postgres
--

COPY public."Pyex_app_unidad" (id, "gimnasioUn_id", "maquinaUn_id", persona_id, "unidadUn") FROM stdin;
12	1	1	\N	Bici4
10	1	1	\N	Bici2
9	1	1	\N	Bici3
13	1	3	\N	Eliptica1
14	1	3	\N	Eliptica2
15	1	5	\N	Mancuernas1
16	1	5	\N	Mancuernas2
19	3	8	\N	Deltoides1
21	2	8	\N	Deltoides3
22	3	4	\N	Pesas1
23	3	4	\N	Pesas2
18	2	6	\N	Dominadas2
11	1	2	\N	Cinta1
17	2	6	1	Dominadas1
20	2	8	2	Deltoides2
\.


--
-- Data for Name: Pyex_app_user; Type: TABLE DATA; Schema: public; Owner: postgres
--

COPY public."Pyex_app_user" (id, password, last_login, is_superuser, username, first_name, last_name, email, is_staff, is_active, date_joined, "codUs", "sexUs", "fechanacUs", "telefonoUs", "fotoUs", "pagoUs", "tarjetaUs") FROM stdin;
5	pbkdf2_sha256$390000$Z7AKFBrASZcWegEmXTSYBl$5wTJHzAgAG5dirYGIxqbHHkxNqsfsXwdOkK65RXI5nA=	2023-01-16 12:27:01.465806+00	f	joserogu	josema	nuel	josema@gmail.com	f	t	2023-01-16 12:26:50.671682+00		H	6666-06-06		fotus/iukhYQ_Z_400x400.jpg	\N	
6	pbkdf2_sha256$390000$8j0XR8X4HtOLpn1YFSMk7D$0fKU6XTxJbx3TFflIk/hYHTc0IgXseuY6kf03rxnw9Y=	2023-01-16 12:27:17.256746+00	f	josemitajosema	jaj p1tu negro		notedoymicorreoquemeviolas@menorde15.com	f	t	2023-01-16 12:27:07.39349+00		H	\N		fotus/makeitmeme_I7Qpl.jpeg	\N	
2	pbkdf2_sha256$390000$OcQBisndZTKJPo9vDkauSo$XCDehbJ7SxVrwrhDNi7mHAVTYx1Ui6yBZndDL2DdCiY=	2023-01-16 19:09:07.616154+00	f	rioru	jo	jo	paco@gmail.com	f	t	2023-01-13 15:26:21.997678+00			\N			\N	
3	pbkdf2_sha256$390000$KbNkEN80xOpiktlOaO8Pi3$mFaFIZuDrU8R2BvTejBtYqZTJb0BNGQIlc10Dk2lRZQ=	2023-01-13 17:48:17.387644+00	f	Usuario1			a@a.com	f	t	2023-01-13 17:48:08.987862+00			\N			\N	
1	pbkdf2_sha256$390000$u77xzH2cDq7NKgySdGJU6j$Z5rwp3B5Ahl8a9UsvNUM7iD6++lsnWRtMWCym9bloYk=	2023-01-13 23:41:38.637712+00	t	joserisa	IES Fernando	Aguilar Quignon	xemoso93@gmail.com	t	t	2023-01-13 11:27:03+00	11011	H	\N		fotus/Captura_desde_2023-01-12_17-41-23.png	\N	fotus/Captura_desde_2023-01-11_17-01-59.png
4	pbkdf2_sha256$390000$4E0fPDU4hFKc3tlzQq3AmK$2twx2TaKowf4FEcQo9Vl5XZ3VOfAlKYMUvCefQ326xM=	2023-01-14 11:06:12.498067+00	f	misty	adsarfawee	aarweqewqdca	hola@gmail.com	f	t	2023-01-14 11:06:04.957881+00			\N			\N	
\.


--
-- Data for Name: Pyex_app_user_apuntados; Type: TABLE DATA; Schema: public; Owner: postgres
--

COPY public."Pyex_app_user_apuntados" (id, user_id, curso_id) FROM stdin;
1	1	1
2	5	1
3	5	3
4	5	4
5	5	5
6	5	6
\.


--
-- Data for Name: Pyex_app_user_groups; Type: TABLE DATA; Schema: public; Owner: postgres
--

COPY public."Pyex_app_user_groups" (id, user_id, group_id) FROM stdin;
\.


--
-- Data for Name: Pyex_app_user_user_permissions; Type: TABLE DATA; Schema: public; Owner: postgres
--

COPY public."Pyex_app_user_user_permissions" (id, user_id, permission_id) FROM stdin;
\.


--
-- Data for Name: auth_group; Type: TABLE DATA; Schema: public; Owner: postgres
--

COPY public.auth_group (id, name) FROM stdin;
\.


--
-- Data for Name: auth_group_permissions; Type: TABLE DATA; Schema: public; Owner: postgres
--

COPY public.auth_group_permissions (id, group_id, permission_id) FROM stdin;
\.


--
-- Data for Name: auth_permission; Type: TABLE DATA; Schema: public; Owner: postgres
--

COPY public.auth_permission (id, name, content_type_id, codename) FROM stdin;
1	Can add curso	1	add_curso
2	Can change curso	1	change_curso
3	Can delete curso	1	delete_curso
4	Can view curso	1	view_curso
5	Can add gimnasio	2	add_gimnasio
6	Can change gimnasio	2	change_gimnasio
7	Can delete gimnasio	2	delete_gimnasio
8	Can view gimnasio	2	view_gimnasio
9	Can add maquina	3	add_maquina
10	Can change maquina	3	change_maquina
11	Can delete maquina	3	delete_maquina
12	Can view maquina	3	view_maquina
13	Can add user	4	add_user
14	Can change user	4	change_user
15	Can delete user	4	delete_user
16	Can view user	4	view_user
17	Can add unidad	5	add_unidad
18	Can change unidad	5	change_unidad
19	Can delete unidad	5	delete_unidad
20	Can view unidad	5	view_unidad
21	Can add log entry	6	add_logentry
22	Can change log entry	6	change_logentry
23	Can delete log entry	6	delete_logentry
24	Can view log entry	6	view_logentry
25	Can add permission	7	add_permission
26	Can change permission	7	change_permission
27	Can delete permission	7	delete_permission
28	Can view permission	7	view_permission
29	Can add group	8	add_group
30	Can change group	8	change_group
31	Can delete group	8	delete_group
32	Can view group	8	view_group
33	Can add content type	9	add_contenttype
34	Can change content type	9	change_contenttype
35	Can delete content type	9	delete_contenttype
36	Can view content type	9	view_contenttype
37	Can add session	10	add_session
38	Can change session	10	change_session
39	Can delete session	10	delete_session
40	Can view session	10	view_session
\.


--
-- Data for Name: django_admin_log; Type: TABLE DATA; Schema: public; Owner: postgres
--

COPY public.django_admin_log (id, action_time, object_id, object_repr, action_flag, change_message, content_type_id, user_id) FROM stdin;
1	2023-01-13 11:27:34.169728+00	1	Bicicleta XVM	1	[{"added": {}}]	3	1
2	2023-01-13 11:27:44.725887+00	1	Pyex de Cadicadi	1	[{"added": {}}]	2	1
3	2023-01-13 11:33:44.201652+00	1	joserisa	2	[{"changed": {"fields": ["First name", "Last name", "Email address", "Codigo", "Sexo", "Foto de usuario", "Tarjeta QR"]}}]	4	1
4	2023-01-13 11:34:00.809658+00	2	CInta KL10	1	[{"added": {}}]	3	1
5	2023-01-13 11:34:16.153241+00	1	Zumba	1	[{"added": {}}]	1	1
6	2023-01-13 11:38:49.12438+00	8	Bici 1	1	[{"added": {}}]	5	1
7	2023-01-13 11:39:48.492603+00	8	Bici 1	3		5	1
8	2023-01-13 11:40:02.939132+00	9	Bici1	1	[{"added": {}}]	5	1
9	2023-01-13 11:40:10.529091+00	10	Bici2	1	[{"added": {}}]	5	1
10	2023-01-13 11:40:18.952739+00	11	Cinta1	1	[{"added": {}}]	5	1
11	2023-01-13 11:40:23.107369+00	11	Cinta1	2	[{"changed": {"fields": ["Persona"]}}]	5	1
12	2023-01-13 11:40:26.825703+00	11	Cinta1	2	[{"changed": {"fields": ["Persona"]}}]	5	1
13	2023-01-13 16:45:42.885151+00	11	Cinta1	2	[{"changed": {"fields": ["Persona"]}}]	5	1
14	2023-01-13 16:49:44.570655+00	11	Cinta1	2	[{"changed": {"fields": ["Persona"]}}]	5	1
15	2023-01-13 16:59:27.154474+00	11	Cinta1	2	[{"changed": {"fields": ["Persona"]}}]	5	1
16	2023-01-13 17:24:06.362455+00	2	CInta KL10	2	[{"changed": {"fields": ["Descripci\\u00f3n"]}}]	3	1
17	2023-01-14 01:50:37.970905+00	3	Karate	1	[{"added": {}}]	1	1
18	2023-01-14 01:51:39.678072+00	4	Kickboxing	1	[{"added": {}}]	1	1
19	2023-01-14 01:52:33.569459+00	5	Taekwondo	1	[{"added": {}}]	1	1
20	2023-01-14 01:54:38.386913+00	6	Pilates	1	[{"added": {}}]	1	1
21	2023-01-14 01:56:29.19803+00	3	Elíptica PTX	1	[{"added": {}}]	3	1
22	2023-01-14 01:56:54.566153+00	4	Banca de pesas UBF	1	[{"added": {}}]	3	1
23	2023-01-14 01:57:15.485026+00	5	Set Mancuernas EJS	1	[{"added": {}}]	3	1
24	2023-01-14 01:57:31.591122+00	2	Cinta KL10	2	[{"changed": {"fields": ["NombreMa"]}}]	3	1
25	2023-01-14 01:57:55.507899+00	6	Dominadas 3000	1	[{"added": {}}]	3	1
26	2023-01-14 01:58:49.810495+00	7	Dorsalix E4C	1	[{"added": {}}]	3	1
27	2023-01-14 01:59:24.787707+00	8	Deltax 4UTC	1	[{"added": {}}]	3	1
28	2023-01-14 01:59:52.606103+00	13	Eliptica1	1	[{"added": {}}]	5	1
29	2023-01-14 02:00:03.985+00	14	Eliptica2	1	[{"added": {}}]	5	1
30	2023-01-14 02:00:19.929517+00	15	Mancuernas1	1	[{"added": {}}]	5	1
31	2023-01-14 02:00:34.680875+00	16	Mancuernas2	1	[{"added": {}}]	5	1
32	2023-01-14 02:00:48.70241+00	17	Dominadas1	1	[{"added": {}}]	5	1
33	2023-01-14 02:00:59.778814+00	18	Dominadas2	1	[{"added": {}}]	5	1
34	2023-01-14 02:01:14.711284+00	19	Deltoides1	1	[{"added": {}}]	5	1
35	2023-01-14 02:01:27.053099+00	20	Deltoides2	1	[{"added": {}}]	5	1
36	2023-01-14 02:01:37.392874+00	21	Deltoides3	1	[{"added": {}}]	5	1
37	2023-01-14 02:01:56.019505+00	22	Pesas1	1	[{"added": {}}]	5	1
38	2023-01-14 02:02:06.247348+00	23	Pesas2	1	[{"added": {}}]	5	1
\.


--
-- Data for Name: django_content_type; Type: TABLE DATA; Schema: public; Owner: postgres
--

COPY public.django_content_type (id, app_label, model) FROM stdin;
1	Pyex_app	curso
2	Pyex_app	gimnasio
3	Pyex_app	maquina
4	Pyex_app	user
5	Pyex_app	unidad
6	admin	logentry
7	auth	permission
8	auth	group
9	contenttypes	contenttype
10	sessions	session
\.


--
-- Data for Name: django_migrations; Type: TABLE DATA; Schema: public; Owner: postgres
--

COPY public.django_migrations (id, app, name, applied) FROM stdin;
1	contenttypes	0001_initial	2023-01-13 11:26:32.985197+00
2	contenttypes	0002_remove_content_type_name	2023-01-13 11:26:32.993437+00
3	auth	0001_initial	2023-01-13 11:26:33.056745+00
4	auth	0002_alter_permission_name_max_length	2023-01-13 11:26:33.062487+00
5	auth	0003_alter_user_email_max_length	2023-01-13 11:26:33.068859+00
6	auth	0004_alter_user_username_opts	2023-01-13 11:26:33.075048+00
7	auth	0005_alter_user_last_login_null	2023-01-13 11:26:33.081536+00
8	auth	0006_require_contenttypes_0002	2023-01-13 11:26:33.084181+00
9	auth	0007_alter_validators_add_error_messages	2023-01-13 11:26:33.090346+00
10	auth	0008_alter_user_username_max_length	2023-01-13 11:26:33.096461+00
11	auth	0009_alter_user_last_name_max_length	2023-01-13 11:26:33.102548+00
12	auth	0010_alter_group_name_max_length	2023-01-13 11:26:33.110269+00
13	auth	0011_update_proxy_permissions	2023-01-13 11:26:33.118526+00
14	auth	0012_alter_user_first_name_max_length	2023-01-13 11:26:33.124843+00
15	Pyex_app	0001_initial	2023-01-13 11:26:33.258635+00
16	admin	0001_initial	2023-01-13 11:26:33.288871+00
17	admin	0002_logentry_remove_auto_add	2023-01-13 11:26:33.301635+00
18	admin	0003_logentry_add_action_flag_choices	2023-01-13 11:26:33.312275+00
19	sessions	0001_initial	2023-01-13 11:26:33.336743+00
20	Pyex_app	0002_alter_unidad_persona	2023-01-13 11:28:28.614482+00
21	Pyex_app	0003_unidad_unidadun	2023-01-13 11:37:49.490455+00
\.


--
-- Data for Name: django_session; Type: TABLE DATA; Schema: public; Owner: postgres
--

COPY public.django_session (session_key, session_data, expire_date) FROM stdin;
4p889d9znam49ec8cgj4pzht4cdsamc5	.eJxVjEsOwjAMBe-SNYritGkdluw5Q-XYDimgVupnhbg7ROoCdk9vRvMyA-1bGfZVl2EUczaNOf1-ifihUwVyp-k2W56nbRmTrYo96Gqvs-jzcrh_gUJrqVmKmcB5bCAzg0vkJTnHPWjbZRUMHkC74FzEHjnkwIhEIt8RoVXz_gDnkTgl:1pGOA5:EdF7SSY7MYBrB_okEPQJ7oW7Ncf01X_PrwIsXlhMh3E	2023-01-27 17:48:17.390234+00
trq0o76081f7pol4pqynyru0uwj6wayn	.eJxVjMsOwiAQRf-FtSHlMQVcuvcbCDMMUjU0Ke3K-O_apAvd3nPOfYmYtrXGrfMSpyzOQonT74aJHtx2kO-p3WZJc1uXCeWuyIN2eZ0zPy-H-3dQU6_fGikZ9JaZLYDCEPIIxWDRwAocozEWrBs0gVWDB19CGI3TGgqiI9Li_QHnVDd-:1pGRAM:7enwmzjPA1n50WnZDAOB1dZon-gk23BDopmE89TShYk	2023-01-27 21:00:46.734404+00
twg7ce6te10csd21ts582ojw6gfv2d47	.eJxVjMsOwiAQRf-FtSHlMQVcuvcbCDMMUjU0Ke3K-O_apAvd3nPOfYmYtrXGrfMSpyzOQonT74aJHtx2kO-p3WZJc1uXCeWuyIN2eZ0zPy-H-3dQU6_fGikZ9JaZLYDCEPIIxWDRwAocozEWrBs0gVWDB19CGI3TGgqiI9Li_QHnVDd-:1pGRCc:L2IlRqnEjvOwzltR5HD5hUUiftn9Lx2Ep1IPFqimH2c	2023-01-27 21:03:06.222036+00
bct29qesalmxkylefraqj7nleqouixvf	.eJxVjMsOwiAQRf-FtSE8HXDpvt9AhgGkaiAp7cr479qkC93ec859sYDbWsM28hLmxC7MsNPvFpEeue0g3bHdOqfe1mWOfFf4QQefesrP6-H-HVQc9Vt7xKwhowAnbCk6uQgxURHGekfKS0ArpSEN1qGBMypQBAopUrReaPb-AO88N9M:1pGeMW:nMl4flEXv6lotKykHOarM_QVmHgTmuoxFGXQBrqkky4	2023-01-28 11:06:12.508224+00
xhkv1idfms8ooky35i4gcg82zcwbybd8	.eJxVjDsOwjAQBe_iGln-sE5MSc8ZrPXuggPIluKkQtwdIqWA9s3Me6mE61LS2mVOE6uTAnX43TLSQ-oG-I711jS1usxT1puid9r1pbE8z7v7d1Cwl28dwQFmAkMyxNEFM4IcAw6erOdgszECWcQCE_qQOWJ0EIwJwsKerur9AdrhOCs:1pHOZp:q1_uoNB8oIEReWyituxij5YVC3vOKuqf5bo-fuFsgjM	2023-01-30 12:27:01.472667+00
9fgvtqhk1g5w1ffcstrc5ub2xu421ods	.eJxVjMsOwiAURP-FtSGU8qgu3fsN5D5AqgaS0q6M_25JutDd5MyZeYsA25rD1uISZhYX4cTplyHQM5Ze8APKvUqqZV1mlF2RR9vkrXJ8XQ_37yBDy30N2qFhTIpoYjNYP458ZtaEXsOOJ-UG2JMx0Si2JqGzlEZvvdLIJD5fCcc4qA:1pHOa5:K1uK7pfuok-o-oCU0-6j1nriLaH5uWszR9_BTf1XDkc	2023-01-30 12:27:17.259131+00
kzkphh4th0buze0ni90thkpg5zt56v4g	.eJxVjEEOwiAQRe_C2hBgClKX7nsGMmUGqRpISrsy3l1JutDtf-_9lwi4bznsjdewkLgII06_24zxwaUDumO5VRlr2dZlll2RB21yqsTP6-H-HWRs-Vt7ZlSUEsA4GgWRrBsIHemzVtqwASCyOBjtB6NSUp66HVmDtQ6cE-8P5U03kg:1pHUqx:a1PCWQzrXwOoD-4pygrR01HrchZsj3mRTxEoUQpdzjI	2023-01-30 19:09:07.620107+00
\.


--
-- Name: Pyex_app_curso_id_seq; Type: SEQUENCE SET; Schema: public; Owner: postgres
--

SELECT pg_catalog.setval('public."Pyex_app_curso_id_seq"', 6, true);


--
-- Name: Pyex_app_gimnasio_id_seq; Type: SEQUENCE SET; Schema: public; Owner: postgres
--

SELECT pg_catalog.setval('public."Pyex_app_gimnasio_id_seq"', 3, true);


--
-- Name: Pyex_app_maquina_id_seq; Type: SEQUENCE SET; Schema: public; Owner: postgres
--

SELECT pg_catalog.setval('public."Pyex_app_maquina_id_seq"', 8, true);


--
-- Name: Pyex_app_unidad_id_seq; Type: SEQUENCE SET; Schema: public; Owner: postgres
--

SELECT pg_catalog.setval('public."Pyex_app_unidad_id_seq"', 23, true);


--
-- Name: Pyex_app_user_apuntados_id_seq; Type: SEQUENCE SET; Schema: public; Owner: postgres
--

SELECT pg_catalog.setval('public."Pyex_app_user_apuntados_id_seq"', 6, true);


--
-- Name: Pyex_app_user_groups_id_seq; Type: SEQUENCE SET; Schema: public; Owner: postgres
--

SELECT pg_catalog.setval('public."Pyex_app_user_groups_id_seq"', 1, false);


--
-- Name: Pyex_app_user_id_seq; Type: SEQUENCE SET; Schema: public; Owner: postgres
--

SELECT pg_catalog.setval('public."Pyex_app_user_id_seq"', 6, true);


--
-- Name: Pyex_app_user_user_permissions_id_seq; Type: SEQUENCE SET; Schema: public; Owner: postgres
--

SELECT pg_catalog.setval('public."Pyex_app_user_user_permissions_id_seq"', 1, false);


--
-- Name: auth_group_id_seq; Type: SEQUENCE SET; Schema: public; Owner: postgres
--

SELECT pg_catalog.setval('public.auth_group_id_seq', 1, false);


--
-- Name: auth_group_permissions_id_seq; Type: SEQUENCE SET; Schema: public; Owner: postgres
--

SELECT pg_catalog.setval('public.auth_group_permissions_id_seq', 1, false);


--
-- Name: auth_permission_id_seq; Type: SEQUENCE SET; Schema: public; Owner: postgres
--

SELECT pg_catalog.setval('public.auth_permission_id_seq', 40, true);


--
-- Name: django_admin_log_id_seq; Type: SEQUENCE SET; Schema: public; Owner: postgres
--

SELECT pg_catalog.setval('public.django_admin_log_id_seq', 38, true);


--
-- Name: django_content_type_id_seq; Type: SEQUENCE SET; Schema: public; Owner: postgres
--

SELECT pg_catalog.setval('public.django_content_type_id_seq', 10, true);


--
-- Name: django_migrations_id_seq; Type: SEQUENCE SET; Schema: public; Owner: postgres
--

SELECT pg_catalog.setval('public.django_migrations_id_seq', 21, true);


--
-- Name: Pyex_app_curso Pyex_app_curso_pkey; Type: CONSTRAINT; Schema: public; Owner: postgres
--

ALTER TABLE ONLY public."Pyex_app_curso"
    ADD CONSTRAINT "Pyex_app_curso_pkey" PRIMARY KEY (id);


--
-- Name: Pyex_app_gimnasio Pyex_app_gimnasio_pkey; Type: CONSTRAINT; Schema: public; Owner: postgres
--

ALTER TABLE ONLY public."Pyex_app_gimnasio"
    ADD CONSTRAINT "Pyex_app_gimnasio_pkey" PRIMARY KEY (id);


--
-- Name: Pyex_app_maquina Pyex_app_maquina_pkey; Type: CONSTRAINT; Schema: public; Owner: postgres
--

ALTER TABLE ONLY public."Pyex_app_maquina"
    ADD CONSTRAINT "Pyex_app_maquina_pkey" PRIMARY KEY (id);


--
-- Name: Pyex_app_unidad Pyex_app_unidad_persona_id_key; Type: CONSTRAINT; Schema: public; Owner: postgres
--

ALTER TABLE ONLY public."Pyex_app_unidad"
    ADD CONSTRAINT "Pyex_app_unidad_persona_id_key" UNIQUE (persona_id);


--
-- Name: Pyex_app_unidad Pyex_app_unidad_pkey; Type: CONSTRAINT; Schema: public; Owner: postgres
--

ALTER TABLE ONLY public."Pyex_app_unidad"
    ADD CONSTRAINT "Pyex_app_unidad_pkey" PRIMARY KEY (id);


--
-- Name: Pyex_app_user_apuntados Pyex_app_user_apuntados_pkey; Type: CONSTRAINT; Schema: public; Owner: postgres
--

ALTER TABLE ONLY public."Pyex_app_user_apuntados"
    ADD CONSTRAINT "Pyex_app_user_apuntados_pkey" PRIMARY KEY (id);


--
-- Name: Pyex_app_user_apuntados Pyex_app_user_apuntados_user_id_curso_id_9fa6abd3_uniq; Type: CONSTRAINT; Schema: public; Owner: postgres
--

ALTER TABLE ONLY public."Pyex_app_user_apuntados"
    ADD CONSTRAINT "Pyex_app_user_apuntados_user_id_curso_id_9fa6abd3_uniq" UNIQUE (user_id, curso_id);


--
-- Name: Pyex_app_user_groups Pyex_app_user_groups_pkey; Type: CONSTRAINT; Schema: public; Owner: postgres
--

ALTER TABLE ONLY public."Pyex_app_user_groups"
    ADD CONSTRAINT "Pyex_app_user_groups_pkey" PRIMARY KEY (id);


--
-- Name: Pyex_app_user_groups Pyex_app_user_groups_user_id_group_id_12a565ce_uniq; Type: CONSTRAINT; Schema: public; Owner: postgres
--

ALTER TABLE ONLY public."Pyex_app_user_groups"
    ADD CONSTRAINT "Pyex_app_user_groups_user_id_group_id_12a565ce_uniq" UNIQUE (user_id, group_id);


--
-- Name: Pyex_app_user Pyex_app_user_pkey; Type: CONSTRAINT; Schema: public; Owner: postgres
--

ALTER TABLE ONLY public."Pyex_app_user"
    ADD CONSTRAINT "Pyex_app_user_pkey" PRIMARY KEY (id);


--
-- Name: Pyex_app_user_user_permissions Pyex_app_user_user_permi_user_id_permission_id_c486f150_uniq; Type: CONSTRAINT; Schema: public; Owner: postgres
--

ALTER TABLE ONLY public."Pyex_app_user_user_permissions"
    ADD CONSTRAINT "Pyex_app_user_user_permi_user_id_permission_id_c486f150_uniq" UNIQUE (user_id, permission_id);


--
-- Name: Pyex_app_user_user_permissions Pyex_app_user_user_permissions_pkey; Type: CONSTRAINT; Schema: public; Owner: postgres
--

ALTER TABLE ONLY public."Pyex_app_user_user_permissions"
    ADD CONSTRAINT "Pyex_app_user_user_permissions_pkey" PRIMARY KEY (id);


--
-- Name: Pyex_app_user Pyex_app_user_username_key; Type: CONSTRAINT; Schema: public; Owner: postgres
--

ALTER TABLE ONLY public."Pyex_app_user"
    ADD CONSTRAINT "Pyex_app_user_username_key" UNIQUE (username);


--
-- Name: auth_group auth_group_name_key; Type: CONSTRAINT; Schema: public; Owner: postgres
--

ALTER TABLE ONLY public.auth_group
    ADD CONSTRAINT auth_group_name_key UNIQUE (name);


--
-- Name: auth_group_permissions auth_group_permissions_group_id_permission_id_0cd325b0_uniq; Type: CONSTRAINT; Schema: public; Owner: postgres
--

ALTER TABLE ONLY public.auth_group_permissions
    ADD CONSTRAINT auth_group_permissions_group_id_permission_id_0cd325b0_uniq UNIQUE (group_id, permission_id);


--
-- Name: auth_group_permissions auth_group_permissions_pkey; Type: CONSTRAINT; Schema: public; Owner: postgres
--

ALTER TABLE ONLY public.auth_group_permissions
    ADD CONSTRAINT auth_group_permissions_pkey PRIMARY KEY (id);


--
-- Name: auth_group auth_group_pkey; Type: CONSTRAINT; Schema: public; Owner: postgres
--

ALTER TABLE ONLY public.auth_group
    ADD CONSTRAINT auth_group_pkey PRIMARY KEY (id);


--
-- Name: auth_permission auth_permission_content_type_id_codename_01ab375a_uniq; Type: CONSTRAINT; Schema: public; Owner: postgres
--

ALTER TABLE ONLY public.auth_permission
    ADD CONSTRAINT auth_permission_content_type_id_codename_01ab375a_uniq UNIQUE (content_type_id, codename);


--
-- Name: auth_permission auth_permission_pkey; Type: CONSTRAINT; Schema: public; Owner: postgres
--

ALTER TABLE ONLY public.auth_permission
    ADD CONSTRAINT auth_permission_pkey PRIMARY KEY (id);


--
-- Name: django_admin_log django_admin_log_pkey; Type: CONSTRAINT; Schema: public; Owner: postgres
--

ALTER TABLE ONLY public.django_admin_log
    ADD CONSTRAINT django_admin_log_pkey PRIMARY KEY (id);


--
-- Name: django_content_type django_content_type_app_label_model_76bd3d3b_uniq; Type: CONSTRAINT; Schema: public; Owner: postgres
--

ALTER TABLE ONLY public.django_content_type
    ADD CONSTRAINT django_content_type_app_label_model_76bd3d3b_uniq UNIQUE (app_label, model);


--
-- Name: django_content_type django_content_type_pkey; Type: CONSTRAINT; Schema: public; Owner: postgres
--

ALTER TABLE ONLY public.django_content_type
    ADD CONSTRAINT django_content_type_pkey PRIMARY KEY (id);


--
-- Name: django_migrations django_migrations_pkey; Type: CONSTRAINT; Schema: public; Owner: postgres
--

ALTER TABLE ONLY public.django_migrations
    ADD CONSTRAINT django_migrations_pkey PRIMARY KEY (id);


--
-- Name: django_session django_session_pkey; Type: CONSTRAINT; Schema: public; Owner: postgres
--

ALTER TABLE ONLY public.django_session
    ADD CONSTRAINT django_session_pkey PRIMARY KEY (session_key);


--
-- Name: Pyex_app_curso_gimnasioCur_id_1024f5fe; Type: INDEX; Schema: public; Owner: postgres
--

CREATE INDEX "Pyex_app_curso_gimnasioCur_id_1024f5fe" ON public."Pyex_app_curso" USING btree ("gimnasioCur_id");


--
-- Name: Pyex_app_unidad_gimnasioUn_id_bbc87910; Type: INDEX; Schema: public; Owner: postgres
--

CREATE INDEX "Pyex_app_unidad_gimnasioUn_id_bbc87910" ON public."Pyex_app_unidad" USING btree ("gimnasioUn_id");


--
-- Name: Pyex_app_unidad_maquinaUn_id_2750e50e; Type: INDEX; Schema: public; Owner: postgres
--

CREATE INDEX "Pyex_app_unidad_maquinaUn_id_2750e50e" ON public."Pyex_app_unidad" USING btree ("maquinaUn_id");


--
-- Name: Pyex_app_user_apuntados_curso_id_f9810443; Type: INDEX; Schema: public; Owner: postgres
--

CREATE INDEX "Pyex_app_user_apuntados_curso_id_f9810443" ON public."Pyex_app_user_apuntados" USING btree (curso_id);


--
-- Name: Pyex_app_user_apuntados_user_id_6cecc6f3; Type: INDEX; Schema: public; Owner: postgres
--

CREATE INDEX "Pyex_app_user_apuntados_user_id_6cecc6f3" ON public."Pyex_app_user_apuntados" USING btree (user_id);


--
-- Name: Pyex_app_user_groups_group_id_4c41d04d; Type: INDEX; Schema: public; Owner: postgres
--

CREATE INDEX "Pyex_app_user_groups_group_id_4c41d04d" ON public."Pyex_app_user_groups" USING btree (group_id);


--
-- Name: Pyex_app_user_groups_user_id_e8d45ad9; Type: INDEX; Schema: public; Owner: postgres
--

CREATE INDEX "Pyex_app_user_groups_user_id_e8d45ad9" ON public."Pyex_app_user_groups" USING btree (user_id);


--
-- Name: Pyex_app_user_user_permissions_permission_id_cb6f4a1a; Type: INDEX; Schema: public; Owner: postgres
--

CREATE INDEX "Pyex_app_user_user_permissions_permission_id_cb6f4a1a" ON public."Pyex_app_user_user_permissions" USING btree (permission_id);


--
-- Name: Pyex_app_user_user_permissions_user_id_a79e0572; Type: INDEX; Schema: public; Owner: postgres
--

CREATE INDEX "Pyex_app_user_user_permissions_user_id_a79e0572" ON public."Pyex_app_user_user_permissions" USING btree (user_id);


--
-- Name: Pyex_app_user_username_c4dd367f_like; Type: INDEX; Schema: public; Owner: postgres
--

CREATE INDEX "Pyex_app_user_username_c4dd367f_like" ON public."Pyex_app_user" USING btree (username varchar_pattern_ops);


--
-- Name: auth_group_name_a6ea08ec_like; Type: INDEX; Schema: public; Owner: postgres
--

CREATE INDEX auth_group_name_a6ea08ec_like ON public.auth_group USING btree (name varchar_pattern_ops);


--
-- Name: auth_group_permissions_group_id_b120cbf9; Type: INDEX; Schema: public; Owner: postgres
--

CREATE INDEX auth_group_permissions_group_id_b120cbf9 ON public.auth_group_permissions USING btree (group_id);


--
-- Name: auth_group_permissions_permission_id_84c5c92e; Type: INDEX; Schema: public; Owner: postgres
--

CREATE INDEX auth_group_permissions_permission_id_84c5c92e ON public.auth_group_permissions USING btree (permission_id);


--
-- Name: auth_permission_content_type_id_2f476e4b; Type: INDEX; Schema: public; Owner: postgres
--

CREATE INDEX auth_permission_content_type_id_2f476e4b ON public.auth_permission USING btree (content_type_id);


--
-- Name: django_admin_log_content_type_id_c4bce8eb; Type: INDEX; Schema: public; Owner: postgres
--

CREATE INDEX django_admin_log_content_type_id_c4bce8eb ON public.django_admin_log USING btree (content_type_id);


--
-- Name: django_admin_log_user_id_c564eba6; Type: INDEX; Schema: public; Owner: postgres
--

CREATE INDEX django_admin_log_user_id_c564eba6 ON public.django_admin_log USING btree (user_id);


--
-- Name: django_session_expire_date_a5c62663; Type: INDEX; Schema: public; Owner: postgres
--

CREATE INDEX django_session_expire_date_a5c62663 ON public.django_session USING btree (expire_date);


--
-- Name: django_session_session_key_c0390e0f_like; Type: INDEX; Schema: public; Owner: postgres
--

CREATE INDEX django_session_session_key_c0390e0f_like ON public.django_session USING btree (session_key varchar_pattern_ops);


--
-- Name: Pyex_app_curso Pyex_app_curso_gimnasioCur_id_1024f5fe_fk_Pyex_app_gimnasio_id; Type: FK CONSTRAINT; Schema: public; Owner: postgres
--

ALTER TABLE ONLY public."Pyex_app_curso"
    ADD CONSTRAINT "Pyex_app_curso_gimnasioCur_id_1024f5fe_fk_Pyex_app_gimnasio_id" FOREIGN KEY ("gimnasioCur_id") REFERENCES public."Pyex_app_gimnasio"(id) DEFERRABLE INITIALLY DEFERRED;


--
-- Name: Pyex_app_unidad Pyex_app_unidad_gimnasioUn_id_bbc87910_fk_Pyex_app_gimnasio_id; Type: FK CONSTRAINT; Schema: public; Owner: postgres
--

ALTER TABLE ONLY public."Pyex_app_unidad"
    ADD CONSTRAINT "Pyex_app_unidad_gimnasioUn_id_bbc87910_fk_Pyex_app_gimnasio_id" FOREIGN KEY ("gimnasioUn_id") REFERENCES public."Pyex_app_gimnasio"(id) DEFERRABLE INITIALLY DEFERRED;


--
-- Name: Pyex_app_unidad Pyex_app_unidad_maquinaUn_id_2750e50e_fk_Pyex_app_maquina_id; Type: FK CONSTRAINT; Schema: public; Owner: postgres
--

ALTER TABLE ONLY public."Pyex_app_unidad"
    ADD CONSTRAINT "Pyex_app_unidad_maquinaUn_id_2750e50e_fk_Pyex_app_maquina_id" FOREIGN KEY ("maquinaUn_id") REFERENCES public."Pyex_app_maquina"(id) DEFERRABLE INITIALLY DEFERRED;


--
-- Name: Pyex_app_unidad Pyex_app_unidad_persona_id_f3d67dcc_fk_Pyex_app_user_id; Type: FK CONSTRAINT; Schema: public; Owner: postgres
--

ALTER TABLE ONLY public."Pyex_app_unidad"
    ADD CONSTRAINT "Pyex_app_unidad_persona_id_f3d67dcc_fk_Pyex_app_user_id" FOREIGN KEY (persona_id) REFERENCES public."Pyex_app_user"(id) DEFERRABLE INITIALLY DEFERRED;


--
-- Name: Pyex_app_user_apuntados Pyex_app_user_apuntados_curso_id_f9810443_fk_Pyex_app_curso_id; Type: FK CONSTRAINT; Schema: public; Owner: postgres
--

ALTER TABLE ONLY public."Pyex_app_user_apuntados"
    ADD CONSTRAINT "Pyex_app_user_apuntados_curso_id_f9810443_fk_Pyex_app_curso_id" FOREIGN KEY (curso_id) REFERENCES public."Pyex_app_curso"(id) DEFERRABLE INITIALLY DEFERRED;


--
-- Name: Pyex_app_user_apuntados Pyex_app_user_apuntados_user_id_6cecc6f3_fk_Pyex_app_user_id; Type: FK CONSTRAINT; Schema: public; Owner: postgres
--

ALTER TABLE ONLY public."Pyex_app_user_apuntados"
    ADD CONSTRAINT "Pyex_app_user_apuntados_user_id_6cecc6f3_fk_Pyex_app_user_id" FOREIGN KEY (user_id) REFERENCES public."Pyex_app_user"(id) DEFERRABLE INITIALLY DEFERRED;


--
-- Name: Pyex_app_user_groups Pyex_app_user_groups_group_id_4c41d04d_fk_auth_group_id; Type: FK CONSTRAINT; Schema: public; Owner: postgres
--

ALTER TABLE ONLY public."Pyex_app_user_groups"
    ADD CONSTRAINT "Pyex_app_user_groups_group_id_4c41d04d_fk_auth_group_id" FOREIGN KEY (group_id) REFERENCES public.auth_group(id) DEFERRABLE INITIALLY DEFERRED;


--
-- Name: Pyex_app_user_groups Pyex_app_user_groups_user_id_e8d45ad9_fk_Pyex_app_user_id; Type: FK CONSTRAINT; Schema: public; Owner: postgres
--

ALTER TABLE ONLY public."Pyex_app_user_groups"
    ADD CONSTRAINT "Pyex_app_user_groups_user_id_e8d45ad9_fk_Pyex_app_user_id" FOREIGN KEY (user_id) REFERENCES public."Pyex_app_user"(id) DEFERRABLE INITIALLY DEFERRED;


--
-- Name: Pyex_app_user_user_permissions Pyex_app_user_user_p_permission_id_cb6f4a1a_fk_auth_perm; Type: FK CONSTRAINT; Schema: public; Owner: postgres
--

ALTER TABLE ONLY public."Pyex_app_user_user_permissions"
    ADD CONSTRAINT "Pyex_app_user_user_p_permission_id_cb6f4a1a_fk_auth_perm" FOREIGN KEY (permission_id) REFERENCES public.auth_permission(id) DEFERRABLE INITIALLY DEFERRED;


--
-- Name: Pyex_app_user_user_permissions Pyex_app_user_user_p_user_id_a79e0572_fk_Pyex_app_; Type: FK CONSTRAINT; Schema: public; Owner: postgres
--

ALTER TABLE ONLY public."Pyex_app_user_user_permissions"
    ADD CONSTRAINT "Pyex_app_user_user_p_user_id_a79e0572_fk_Pyex_app_" FOREIGN KEY (user_id) REFERENCES public."Pyex_app_user"(id) DEFERRABLE INITIALLY DEFERRED;


--
-- Name: auth_group_permissions auth_group_permissio_permission_id_84c5c92e_fk_auth_perm; Type: FK CONSTRAINT; Schema: public; Owner: postgres
--

ALTER TABLE ONLY public.auth_group_permissions
    ADD CONSTRAINT auth_group_permissio_permission_id_84c5c92e_fk_auth_perm FOREIGN KEY (permission_id) REFERENCES public.auth_permission(id) DEFERRABLE INITIALLY DEFERRED;


--
-- Name: auth_group_permissions auth_group_permissions_group_id_b120cbf9_fk_auth_group_id; Type: FK CONSTRAINT; Schema: public; Owner: postgres
--

ALTER TABLE ONLY public.auth_group_permissions
    ADD CONSTRAINT auth_group_permissions_group_id_b120cbf9_fk_auth_group_id FOREIGN KEY (group_id) REFERENCES public.auth_group(id) DEFERRABLE INITIALLY DEFERRED;


--
-- Name: auth_permission auth_permission_content_type_id_2f476e4b_fk_django_co; Type: FK CONSTRAINT; Schema: public; Owner: postgres
--

ALTER TABLE ONLY public.auth_permission
    ADD CONSTRAINT auth_permission_content_type_id_2f476e4b_fk_django_co FOREIGN KEY (content_type_id) REFERENCES public.django_content_type(id) DEFERRABLE INITIALLY DEFERRED;


--
-- Name: django_admin_log django_admin_log_content_type_id_c4bce8eb_fk_django_co; Type: FK CONSTRAINT; Schema: public; Owner: postgres
--

ALTER TABLE ONLY public.django_admin_log
    ADD CONSTRAINT django_admin_log_content_type_id_c4bce8eb_fk_django_co FOREIGN KEY (content_type_id) REFERENCES public.django_content_type(id) DEFERRABLE INITIALLY DEFERRED;


--
-- Name: django_admin_log django_admin_log_user_id_c564eba6_fk_Pyex_app_user_id; Type: FK CONSTRAINT; Schema: public; Owner: postgres
--

ALTER TABLE ONLY public.django_admin_log
    ADD CONSTRAINT "django_admin_log_user_id_c564eba6_fk_Pyex_app_user_id" FOREIGN KEY (user_id) REFERENCES public."Pyex_app_user"(id) DEFERRABLE INITIALLY DEFERRED;


--
-- PostgreSQL database dump complete
--

